id;cliente;fecha;periodo;hallazgo;responsable;area;plazo;estado;fecha cumplimiento
ae5f745602257A;ae5f7456;2021-08-09;Agosto;Eliminar de hidráulica herramientas en condición sub-estándar (machete sin mango) por el riesgo que la manipulación del mismo representa;Ayala;ab0d2e03;7;CUMPLIDO;2021-08-16
ae5f745602258A;ae5f7456;2021-12-23;Diciembre;Liberar espacio frente a extintor en cercanías de RRPP ;Ayala;ab0d2e03;7;CUMPLIDO;2021-12-30
ae5f745602259A;ae5f7456;2022-06-22;Junio;Mejorar orden en sector de hidráulica. En su interior se observa elementos personales: ropa, termos, mates, entre otras, los cuales no deberían depositarse allí;Dominguez;ab0d2e03;7;CUMPLIDO;2022-06-29
ae5f745602260A;ae5f7456;2023-10-26;Octubre;URGENTE, Mejorar orden y limpieza de sector destinado al acopio de lubricantes;Resp. Taller;ab0d2e03;7;CUMPLIDO;2023-11-02
ae5f745602261A;ae5f7456;2023-01-11;Enero;Estante presente en hidráulica (lado derecho de la mesa): clasificar los elementos y ordenarlos. Evitar guardar en la misma mates / termos;Dominguez;ab0d2e03;10;CUMPLIDO;2023-01-21
ae5f745602262A;ae5f7456;2023-01-11;Enero;En sala hidráulica SE DEBE MEJORAR EL ORDEN DE LOS ELEMENTOS. Incorporar tapa al tacho de residuo presente en su interior;Dominguez Denis M.;ab0d2e03;10;CUMPLIDO;2023-01-21
ae5f745602263A;ae5f7456;2023-04-25;Abril;Sr. Ricardo Esteban Rodriguez: Se debe garantizar el suministro de mameluco;Resp. Taller / Compras;ab0d2e03;10;CUMPLIDO;2023-05-05
ae5f745602264A;ae5f7456;2023-04-25;Abril;Sr. Ricardo Esteban Rodriguez: Suministrar guante de soldador;Resp. Taller / Compras;ab0d2e03;10;CUMPLIDO;2023-05-05
ae5f745602265A;ae5f7456;2023-04-25;Abril;Sr. Ricardo Esteban Rodriguez: Suministrar delantal de soldador;Resp. Taller / Compras;ab0d2e03;10;CUMPLIDO;2023-05-05
ae5f745602266A;ae5f7456;2023-10-26;Octubre;Monta Cargas: reemplazar cinturón de seguridad (el que dispone no es el apropiado. Debería ser uno nuevo con inercial, de cintura.;Resp. Taller;ab0d2e03;10;CUMPLIDO;2023-11-05
ae5f745602267A;ae5f7456;2021-08-09;Agosto;Estante presente en hidráulica (lado derecho de la mesa): clasificar los elementos y ordenarlos. Evitar guardar en la misma mates / termos;Ayala;ab0d2e03;12;CUMPLIDO;2021-08-21
ae5f745602268A;ae5f7456;2021-08-09;Agosto;Incorporar kit para la gestión de posibles derrames (absorsol en el mejor de los casos o bien arena / aserrín) cercano al surtidor;Ayala / Compras;ab0d2e03;13;CUMPLIDO;2021-08-22
ae5f745602269A;ae5f7456;2023-10-26;Octubre;En sector de metalúrgica: gestionar incorporación de extintor en el área;Resp. Taller / Compras;ab0d2e03;15;CUMPLIDO;2023-11-10
ae5f745602270A;ae5f7456;2021-08-09;Agosto;Gestionar rotulado de tacho de residuos peligrosos en hidráulica;Ayala / Compras;ab0d2e03;15;CUMPLIDO;2021-08-24
ae5f745602271A;ae5f7456;2024-10-08;Octubre;"Gestionar orden en interior de ""depósito"" en lavadero";Candida Marcelino;ab0d2e03;7;.;2024-10-15
ae5f745602272A;ae5f7456;2021-08-09;Agosto;Gestionar el reemplazo del toma corriente cercano a puerta de ingreso a hidráulica por no estar en condiciones (quemado / derretido: riesgo de incendio);Ayala / Compras;ab0d2e03;15;CUMPLIDO;2021-08-24
ae5f745602273A;ae5f7456;2021-08-09;Agosto;Gestionar el reemplazo de toma corriente cercano a puerta del baño por no estar en condiciones (quemado / derretido: riesgo de incendio);Ayala / Compras;ab0d2e03;15;CUMPLIDO;2021-08-24
ae5f745602274A;ae5f7456;2023-01-11;Enero;Gestionar el reemplazo (o pintarlo para mejorar su visibilidad) de la cadena que delimita el ingreso por lateral del taller (sector de estacionamiento);Dominguez Denis M. / Compras;ab0d2e03;15;CUMPLIDO;2023-01-26
ae5f745602275A;ae5f7456;2021-08-09;Agosto;Gestionar el reemplazo de luminaria de 12v. En Fosa 1 (lado derecho) por no estar en funcionamiento;Ayala / Compras;ab0d2e03;15;CUMPLIDO;2021-08-24
ae5f745602276A;ae5f7456;2021-08-09;Agosto;Reubicar extintor presente en metalúrgica. Considerar que el mismo debiera estar en lugar de fácil acceso y libre de elementos que lo obstruyan.;Ayala;ab0d2e03;15;CUMPLIDO;2021-08-24
ae5f745602277A;ae5f7456;2021-08-09;Agosto;Suministrar al Sr. Castellano Urbano (Personal que realiza afilado de cadenas) protección facial completa a fin de resguardarlo del riesgo por proyección de partículas. Considerar que si se define el suministro de anteojos de seguridad, el mismo debiera ser con la graduación de aumento que el mismo utiliza;Ayala / Compras / Vogel;ab0d2e03;15;CUMPLIDO;2021-08-24
ae5f745602278A;ae5f7456;2023-01-11;Enero;Incorporar y tenerlo expuesto en el sector del taller planilla que indique habilitaciones para conducción / operación de todo el personal afectado al taller en función de la licencia que cada uno de ellos lo tiene;Ayala;ab0d2e03;15;CUMPLIDO;2023-01-26
ae5f745602279A;ae5f7456;2022-03-04;Marzo;Incorporar kit para la gestión de posibles derrames (absorsol en el mejor de los casos o bien arena / aserrín) cercano al surtidor;Dominguez;ab0d2e03;15;CUMPLIDO;2022-03-19
ae5f745602280A;ae5f7456;2023-01-11;Enero;Gestionar el reemplazo de manómetro en oxicorte (roto);Dominguez Denis M. / De Mattos;ab0d2e03;15;CUMPLIDO;2023-01-26
ae5f745602281A;ae5f7456;2022-06-22;Junio;Gestionar reemplazo de extintores que se encuentran vencido o bien no se identifica fecha de caducidad;Dominguez;ab0d2e03;15;CUMPLIDO;2022-07-07
ae5f745602282A;ae5f7456;2023-01-11;Enero;Gestionar el reemplazo de los faros en fosas (no funcionan correctamente). A su vez, se recomienda analizar posibilidad de modificar el sistema de movimiento a fin de que el mismo sea de utilidad para el personal que allí interviene;Dominguez Denis M.;ab0d2e03;15;CUMPLIDO;2023-01-26
ae5f745602283A;ae5f7456;2023-10-26;Octubre;Monta Cargas: Garantizar que todas las cubiertas se encuentren en buen estado (se observan algunas que no cumplen con dicha condición);Resp. Taller;ab0d2e03;15;CUMPLIDO;2023-11-10
ae5f745602284A;ae5f7456;2023-01-11;Enero;Gestionar incorporación de rótulos que indiquen las recomendaciones para la limpieza de las manos en sector de piletas lavatorios en taller y baño;Dominguez Denis M. / Compras / Neri;ab0d2e03;20;CUMPLIDO;2023-01-31
ae5f745602285A;ae5f7456;2023-10-26;Octubre;Gestionar colocación de cartelería que prohíba el ingreso por lateral del taller (lado administración) ;Resp. Taller / Compras;ab0d2e03;20;CUMPLIDO;2023-11-15
ae5f745602286A;ae5f7456;2023-10-26;Octubre;Sr. Cándida Marcelino: Se debería reemplazar el filtro de carbón activado en semimascara por no estar en condiciones;Resp. Taller / Compras;ab0d2e03;20;CUMPLIDO;2023-11-15
ae5f745602287A;ae5f7456;2024-05-13;Octubre;Sr. Jakimiuk Pedro: Suministrar calzado de seguridad con puntera de acero (tipo soldador);Resp. Taller / Compras ;ab0d2e03;15;Desafectado de Operación;2024-05-28
ae5f745602288A;ae5f7456;2023-10-26;Octubre;Gestionar actualización de planilla en la que se logre identificar los vencimientos y categorías de las licencias de cada uno de los personales afectados al área ;Resp. Taller;ab0d2e03;20;CUMPLIDO;2023-11-15
ae5f745602289A;ae5f7456;2021-08-09;Agosto;Se debe URGENTE ordenar el sector destinado al acopio transitorio de residuos peligrosos sólidos;Ayala / Veron Néstor;ab0d2e03;20;CUMPLIDO;2021-08-29
ae5f745602290A;ae5f7456;2021-12-23;Diciembre;"Se debe gestionar el reemplazo de las mangueras en oxicorte por no estar en condiciones (""cuarteadas"", con añadiduras)";Ayala / Compras;ab0d2e03;20;CUMPLIDO;2022-01-12
ae5f745602291A;ae5f7456;2023-01-11;Enero;"Se debería gestionar la renovación de todas las mascaras del tipo soldador (mínimo 3) por no estar en condiciones.
Los mismos debieran ser del tipo Fotosensible.";Dominguez Denis M. / Compras;ab0d2e03;20;CUMPLIDO;2023-01-31
ae5f745602292A;ae5f7456;2023-01-11;Enero;Suministrar polainas del tipo soldador a los personales afectados al sector;Dominguez Denis M. / Compras;ab0d2e03;20;CUMPLIDO;2023-01-31
ae5f745602293A;ae5f7456;2022-03-04;Marzo;"Sector de mantenimiento: NO se observa el uso de tarjetas de bloqueos en los equipos intervenidos.
Al caso, SE DEBERÍA GARANTIZAR LA DISPONIBILIDAD DEL MISMO, COMO ASÍ TAMBIÉN DE SU USO";Dominguez / Compras;ab0d2e03;20;CUMPLIDO;2022-03-24
ae5f745602294A;ae5f7456;2023-04-25;Abril;Sr. Ricardo Esteban Rodriguez: Suministrar mangas de soldador;Resp. Taller / Compras;ab0d2e03;20;CUMPLIDO;2023-05-15
ae5f745602295A;ae5f7456;2023-04-25;Abril;Personal afectado a metalúrgica: se debe garantizar el suministro de protección ocular (anteojos) con sellado completo;Resp. Taller / Compras;ab0d2e03;20;CUMPLIDO;2023-05-15
ae5f745602296A;ae5f7456;2023-05-02;Mayo;Sector de depósito lubricantes: Se debería reubicar el extintor. El mismo debe estar en lugar de libre circulación;Resp. Taller / Compras;ab0d2e03;20;CUMPLIDO;2023-05-22
ae5f745602297A;ae5f7456;2023-05-02;Mayo;Sector de depósito lubricantes: gestionar incorporación del kit-ecológico (pala, balde, lona y material absorbente);Resp. Taller / Compras;ab0d2e03;20;CUMPLIDO;2023-05-22
ae5f745602298A;ae5f7456;2023-05-02;Mayo;Gestionar actualización de números de actuación ante emergencia ;Resp. Taller / Compras / Neri;ab0d2e03;20;CUMPLIDO;2023-05-22
ae5f745602299A;ae5f7456;2021-08-09;Agosto;"Se debe gestionar la clasificación de las mangueras presentes en la mesa de ingreso (debajo de la escalera principal). Guardar LO QUE REALMENTE SIRVA en ""perchas"" presentes en sala hidráulica (conforme a consenso realizado en el día de la visita). De generar suciedad por goteos hidráulicos, considerar la posibilidad de colocar batea de contención en la parte inferior";Resp. Taller / Metalúrgica;ab0d2e03;22;CUMPLIDO;2021-08-31
ae5f745602300A;ae5f7456;2021-08-09;Agosto;Gestionar la incorporación de extintores faltantes en el taller con sus respectivas chapa baliza (mínimamente 4 en taller y 1 más en metalúrgica), todos estos de PQS de 5 KG.;Ayala / Compras ;ab0d2e03;23;CUMPLIDO;2021-09-01
ae5f745602301A;ae5f7456;2021-08-09;Agosto;Soldadora MIG: Gestionar el reemplazo de manómetro por no estar en condiciones. Misma situación con el oxicorte;Ayala / Compras ;ab0d2e03;23;CUMPLIDO;2021-09-01
ae5f745602302A;ae5f7456;2021-08-09;Agosto;Cable en torno: Se debe colocar en bandejas correspondientes y fijarlos a la parte superior o bien colocar otro tablero detrás del mismo. No debería estar suelto sobre el operador;Ayala;ab0d2e03;23;CUMPLIDO;2021-09-01
ae5f745602303A;ae5f7456;2021-08-09;Agosto;"Gestionar la identificación de los bin utilizados para el acopio de residuos peligrosos líquidos según la corriente ""Y"" de residuos";Ayala / Compras / Neri;ab0d2e03;23;CUMPLIDO;2021-09-01
ae5f745602304A;ae5f7456;2021-08-09;Agosto;En sector de expendio de combustible, gestionar la incorporación de extintores correspondientes;Ayala / Compras;ab0d2e03;23;CUMPLIDO;2021-09-01
ae5f745602305A;ae5f7456;2021-08-09;Agosto;"Se debe gestionar el retiro de las herramientas de afilado presentes en el sector de lubricantes (depósito) por incompatibilidades: líquidos inflamables vs. Actividad que genera proyección de partículas incandescentes.
Se podría considerar como alternativa metalúrgica y el espacio cerrado en lavadero (previo trabajo en la ventilación de este ultimo mencionado + iluminación puntual) ";Ayala ;ab0d2e03;25;CUMPLIDO;2021-09-03
ae5f745602306A;ae5f7456;2023-10-26;Octubre;Gestionar incorporación de extintores faltantes en sector de camiones / camionetas (frente a fosa);Resp. Taller / Compras;ab0d2e03;25;CUMPLIDO;2023-11-20
ae5f745602307A;ae5f7456;2024-05-13;Octubre;Sr. Jakimiuk Pedro: Suministrar ropa de trabajo;Resp. Taller / Compras ;ab0d2e03;15;Desafectado de Operación;2024-05-28
ae5f745602308A;ae5f7456;2023-10-26;Octubre;Para alargues utilizados en metalúrgica, se recomienda incorporación de tomas industriales (por resistencia de los mismos);Resp. Taller / Compras;ab0d2e03;25;CUMPLIDO;2023-11-20
ae5f745602309A;ae5f7456;2023-01-11;Enero;"Gestionar la reparación de ""canasto"" utilizado para actividades en altura con el monta cargas (colocar baranda lateral faltante y pintarlo de amarillo, garantizar la correcta unión de los materiales en todos los puntos de soldaduras).
Barandas: debe tener a 1 m. y 50 cm. de altura respecto de la base.";Dominguez Denis M.;ab0d2e03;25;CUMPLIDO;2023-02-05
ae5f745602310A;ae5f7456;2022-03-04;Marzo;Gestionar soporte para tambor de agua desmineralizada. Al momento, lo tienen disponible sobre trípodes;Dominguez;ab0d2e03;25;CUMPLIDO;2022-03-29
ae5f745602311A;ae5f7456;2023-01-11;Enero;Incorporar implemento para manipulación de tambores de 200 lts. con el monta cargas;Dominguez Denis M. / Metalúrgica;ab0d2e03;25;CUMPLIDO;2023-02-05
ae5f745602312A;ae5f7456;2023-04-04;Abril;"Caja que alimenta el circuito eléctrico en sector de expendio de combustible (presente en primer columna frente a Oficina Enzo): colocar rótulo que lo identifique como ""CORTA CORRIENTE EXPENDIO DE COMBUSTIBLE"". A su vez considerar la colocación de un pulsador en la tapa (para su rápida actuación en caso de emergencia)";Resp. Taller / Compras;ab0d2e03;30;CUMPLIDO;2023-05-04
ae5f745602313A;ae5f7456;2021-08-09;Agosto;Gestionar actualización de planilla de horarios de trabajos y descansos rubricado por ministerio de trabajo ;Ayala / Corvalan F.;ab0d2e03;30;CUMPLIDO;2021-09-08
ae5f745602314A;ae5f7456;2023-04-04;Abril;En sector de lubricantes incorporar: Extintor (PQS de 10kg c/ su chapa baliza correspondiente);Resp. Taller / Almada Neri;ab0d2e03;30;CUMPLIDO;2023-05-04
ae5f745602315A;ae5f7456;2023-04-04;Enero;Gestionar incorporación de planilla de control para extintores (la cual contemple estado de manguera, nivel de presión, vencimiento de prueba hidráulica y vencimiento de carga), asignar un responsable de control (afectado al taller) y que dicha inspección se realice con periodicidad mínima de 1 vez al mes, contemplando el 100% de las instalaciones (incluyendo cocina central + administración);Dominguez Denis M. / Neri;ab0d2e03;30;CUMPLIDO;2023-05-04
ae5f745602316A;ae5f7456;2021-08-09;Agosto;Gestionar el reemplazo de las luces de emergencias presentes en el taller por NO estar en funcionamiento. Garantizar la disponibilidad de las mismas en espacio con poca iluminación natural (depósitos cerrados) y sectores que atañen un riesgo al circular (ej.: escaleras);Ayala / Compras;ab0d2e03;30;CUMPLIDO;2021-09-08
ae5f745602317A;ae5f7456;2023-04-04;Abril;Gestionar el reemplazo de cintas antideslizantes en peldaños de escalera de madera (hacia compras) e incorporar en escalera principal (de ingreso a oficinas);Resp. Taller;ab0d2e03;30;CUMPLIDO;2023-05-04
ae5f745602318A;ae5f7456;2023-04-04;Abril;"Gestionar incorporación de botiquín en taller.
Se podría considerar como alternativa la adopción de mismo criterio establecido por el cliente Arauco en relación a los elementos que se debería disponer";Resp. Taller;ab0d2e03;30;CUMPLIDO;2023-05-04
ae5f745602319A;ae5f7456;2023-04-04;Abril;En metalúrgica, se debe retirar / reubicar armario destinado al almacenamiento de pinturas / solventes por incompatibilidades (inflamables vs. Trabajos en calientes con proyección de partículas incandescentes);Resp. Taller;ab0d2e03;30;CUMPLIDO;2023-05-04
ae5f745602320A;ae5f7456;2023-01-11;Enero;Se debe mejorar el orden de los elementos cercanos al torno por el poco espacio existente para la circulación del personal. A su vez, delimitar el área (pintura / cartelería) estableciendo la posibilidad de ingreso sólo a personal autorizado / operador del equipo;Dominguez Denis M. / Compras / Neri;ab0d2e03;30;CUMPLIDO;2023-02-10
ae5f745602321A;ae5f7456;2021-08-09;Agosto;Renovar pintura que delimita el sector de estacionamiento de unidad en expendio de combustible;Ayala ;ab0d2e03;30;CUMPLIDO;2021-09-08
ae5f745602322A;ae5f7456;2023-04-04;Abril;Incorporar y tenerlo expuesto en el sector del taller planilla que indique habilitaciones para conducción / operación de todo el personal afectado al taller en función de la licencia que cada uno de ellos lo tiene;Resp. Taller / Almada Neri;ab0d2e03;30;CUMPLIDO;2023-05-04
ae5f745602323A;ae5f7456;2023-04-04;Abril;"Monta Cargas: Se debiera garantizar que TODAS LAS LUCES SE ENCUENTREN EN FUNCIONAMIENTO.
A los 07/07/2023 Se encuentra en pendiente: guiños en parte frontal, luces en parte trasera (considerar también luces blancas en dicho sector en consideración de operaciones nocturnas)";Resp. Taller;ab0d2e03;30;CUMPLIDO;2023-05-04
ae5f745602324A;ae5f7456;2023-04-04;Abril;Monta Cargas: GARANTIZAR el funcionamiento del freno de mano;Resp. Taller;ab0d2e03;30;CUMPLIDO;2023-05-04
ae5f745602325A;ae5f7456;2023-04-04;Abril;"Monta Cargas: Gestionar reparación de ""pasamanos"" lado derecho";Resp. Taller;ab0d2e03;30;CUMPLIDO;2023-05-04
ae5f745602326A;ae5f7456;2023-10-26;Octubre;Identificar la capacidad de izaje del puente grúa en hidráulica. Reemplazar eslinga por no estar en condiciones (filamentos de acero sueltos), reemplazar el gancho de sujeción (no funciona traba de seguridad);Resp. Taller / Compras;ab0d2e03;30;Fuera de Servicio;2023-11-25
ae5f745602327A;ae5f7456;2024-05-13;Octubre;Sr. Jakimiuk Pedro: Suministrar delantal de soldador;Resp. Taller / Compras ;ab0d2e03;15;Desafectado de Operación;2024-05-28
ae5f745602328A;ae5f7456;2024-10-08;Octubre;Plataforma para trabajo para intervenciones sobre fosa: colocar goma en las patas de fijación a fin de evitar que se deslice;Resp. Taller ;ab0d2e03;15;Gestión en Curso;2024-10-23
ae5f745602329A;ae5f7456;2023-01-11;Enero;En cercanías a fosa 2, se deben reubicar los elementos presentes en los estantes. Considerar en lo posible liberar los 2 superiores o bien acomodar objetos livianos en consideración de que existe riesgo de caída de objetos, más aún por el transito de personas en cercanía (mecánicos) ;Dominguez Denis M. ;ab0d2e03;30;CUMPLIDO;2023-02-10
ae5f745602330A;ae5f7456;2024-10-08;Octubre;"Manómetro en ambos equipos oxicorte: se debe gestionar el recambio de los mismos por no estar en condiciones
-CUMPLIDO EN UN EQUIPO-";Resp. Taller / Compras;ab0d2e03;20;.;2024-10-28
ae5f745602331A;ae5f7456;2023-10-26;Octubre;Incorporar rótulo de actuación ante siniestros (otorgado por la ART) en sector de taller;Dominguez / Administración;ab0d2e03;30;CUMPLIDO;2023-11-25
ae5f745602332A;ae5f7456;2023-01-11;Enero;Se debe gestionar la reparación / reemplazo de zorra presente en taller (el mismo no se encuentra en funcionamiento);Ayala;ab0d2e03;30;CUMPLIDO;2023-02-10
ae5f745602333A;ae5f7456;2023-01-11;Enero;"Estantes en el sector de taller (cercano a las fosas):  Se debe SEPARAR en primera instancia aquello que REALMENTE es de utilidad para posteriormente ORDENARLO / CLASIFICARLO y analizar posibilidad de gestión con los elementos que NO sean de utilidad para la empresa (comercialización como repuestos usados / chatarra metálica).
Es recomendable aplicación de metodología 5S.";Dominguez;ab0d2e03;30;CUMPLIDO;2023-02-10
ae5f745602334A;ae5f7456;2023-01-11;Enero;"Estantes en el sector de taller (cercano a las fosas): Se deben clasificar los elementos considerando ubicar los de menor peso en parte superior y los de mayor peso en parte inferior.
-CONSIDERAR RIESGO DE CAÍDA SOBRE PERSONAS-";Dominguez;ab0d2e03;30;CUMPLIDO;2023-02-10
ae5f745602335A;ae5f7456;2024-10-08;Octubre;Cable de maza en soldador mig: gestionar el reemplazo por no estar en condiciones;Resp. Taller / Compras;ab0d2e03;20;.;2024-10-28
ae5f745602336A;ae5f7456;2023-10-26;Octubre;Puerta del lavadero (yendo hacia el sector de taller nuevo), se debe colocar superficie con malla sima a fin de evitar pisar el desnivel / barro en consideración del riesgo que esto representa;Resp. Taller;ab0d2e03;30;CUMPLIDO;2023-11-25
ae5f745602337A;ae5f7456;2024-10-08;Octubre;Se recomienda colocar cinta antideslizante en escalera de acceso a sala de capacitaciones;Resp. Taller / Compras ;ab0d2e03;20;CUMPLIDO;2024-10-28
ae5f745602338A;ae5f7456;2024-10-08;Octubre;Colocar rótulo de riesgo eléctrico en pilar principal (ubicado en parte trasera de metalúrgica);Resp. Taller ;ab0d2e03;20;Gestión en Curso;2024-10-28
ae5f745602339A;ae5f7456;2024-10-08;Octubre;Gestionar colocación  de identificación en tacho con residuos metálicos en sector de tornería;Resp. Taller / Compras;ab0d2e03;25;Gestión en Curso;2024-11-02
ae5f745602340A;ae5f7456;2022-06-22;Junio;"Gestionar renovación de pintura en piso, los cuales indican ""INSUMOS / HERRAMIENTAS PROVENIENTES DE ZONA OPERATIVA"", ""SECTOR DE OPERACIONES"", ""SENDA DE DESPLAZAMIENTO SEGURO (PERSONAL AJENO AL TALLER). Misma recomendación para las fosas";Dominguez;ab0d2e03;30;CUMPLIDO;2022-07-22
ae5f745602341A;ae5f7456;2024-10-08;Octubre;Colocar en hidráulica indicaciones de: prohibido consumo de bebidas, alimentos, fumar. Obligación de mantener el orden y la limpieza.;Resp. Taller;ab0d2e03;30;.;2024-11-07
ae5f745602342A;ae5f7456;2023-04-04;Abril;En sector destinado al almacenamiento de lubricantes, incorporar kit-ecológico (pala, balde con aserrín arena o en el mejor de los casos absorsol);Resp. Taller;ab0d2e03;30;CUMPLIDO;2023-05-04
ae5f745602343A;ae5f7456;2024-10-08;Octubre;Monta Cargas: Rotular en ambos laterales de torre la capacidad máxima de carga;Resp. Taller;ab0d2e03;30;.;2024-11-07
ae5f745602344A;ae5f7456;2023-10-26;Octubre;Monta Cargas: Incorporar 1 extintor con su respectivo soporte (de PQS de 1 kg.);Dominguez Denis M. / Compras;ab0d2e03;30;CUMPLIDO;2023-11-25
ae5f745602345A;ae5f7456;2023-10-26;Octubre;Gestionar la impermeabilización del sector en el que se almacena el barro con hidrocarburo retirado de las cámaras de decantación;Resp. Taller;ab0d2e03;30;CUMPLIDO;2023-11-25
ae5f745602346A;ae5f7456;2023-06-06;Junio;"GARANTIZAR la disponibilidad de máscara para soldador. Se recomienda fotosensibles.
En recorrido realizado, se identifica la necesidad de por lo menos 4 unidades";Resp. Taller / Compras;ab0d2e03;30;CUMPLIDO;2023-07-06
ae5f745602347A;ae5f7456;2023-06-06;Junio;En sector de metalúrgica, se debe garantizar el suministro de calzado de seguridad acorde para soldador (considera que no disponga de cordones) ;Resp. Taller / Compras;ab0d2e03;30;CUMPLIDO;2023-07-06
ae5f745602348A;ae5f7456;2023-10-26;Octubre;Gestionar el retiro de barro en camaras de decantación correspondiente al sector de expendio de combustibles;Resp. Taller;ab0d2e03;30;CUMPLIDO;2023-11-25
ae5f745602349A;ae5f7456;2023-10-26;Octubre;Ajustar estructura general de cocina-comedor (Cosecha FT) a requerimientos legales / AASA;Resp. Taller;ab0d2e03;30;CUMPLIDO;2023-11-25
ae5f745602350A;ae5f7456;2023-04-04;Abril;Disponer de las hojas de seguridad (M.S.D.S.) de todos los lubricantes presentes en el depósito y tenerlo expuesto / a disposición del personal;Dominguez Denis M. / Neri;ab0d2e03;35;CUMPLIDO;2023-05-09
ae5f745602351A;ae5f7456;2024-10-08;Octubre;Garantizar funcionamiento de luminaria 12v. En fosa 1. En Fosa 2, disponer de portátil cuya tensión sea la de seguridad (≤ 24v.);Resp. Taller;ab0d2e03;30;Gestión en Curso;2024-11-07
ae5f745602352A;ae5f7456;2023-10-26;Octubre;Taller nuevo: Colocar cadenas de color y cartelería que establezca la prohibición de ingreso a personal no autorizado a dicho sector;Resp. Taller / Compras;ab0d2e03;30;CUMPLIDO;2023-11-25
ae5f745602353A;ae5f7456;2024-10-08;Octubre;Gestionar identificación de capacidad de carga en pluma dispobible en sector de acopio de neumáticos (ex sala de afilado de cuchillas);Resp. Taller / Compras;ab0d2e03;30;Gestión en Curso;2024-11-07
ae5f745602354A;ae5f7456;2021-08-09;Agosto;"Gestionar ""cofres"" o mueble en donde se puedan almacenar los EPP a utilizar en campo (casco, chalecos, guantes, entre otros) o bien elementos personales. Al momento, se observa los mismos dispersos entre repuestos, manuales, entre otros.";Ayala / Compras;ab0d2e03;45;CUMPLIDO;2021-09-23
ae5f745602355A;ae5f7456;2023-04-04;Abril;Gestionar la limpieza de la cámara de decantación detrás del sector del lavadero.;Resp. Taller;ab0d2e03;45;CUMPLIDO;2023-05-19
ae5f745602356A;ae5f7456;2023-04-04;Abril;Gestionar la reparación de la estructura de protección (malla) presente sobre cámara de decantación detrás del lavadero por estar roto;Resp. Taller;ab0d2e03;45;CUMPLIDO;2023-05-19
ae5f745602357A;ae5f7456;2023-04-04;Enero;Gestionar incorporación de cinta antideslizante en peldaños de escalera correspondientes a las fosas (1 y 2);Dominguez Denis M. / Compras;ab0d2e03;45;CUMPLIDO;2023-05-19
ae5f745602358A;ae5f7456;2023-01-11;Enero;Analizar posibilidad de incorporar dispenser conectada a la red de agua a fin de garantizar la disponibilidad de agua fresca para el personal afectado al área;Dominguez Denis M. / Compras ;ab0d2e03;45;CUMPLIDO;2023-02-25
ae5f745602359A;ae5f7456;2024-10-08;Octubre;PROTECCIÓN AUDITIVA: Se recomienda el suministro de protección que tenga arnés tras la nuca a los fines de lograr compatibilidad con las máscaras de soldador (Todo esto en Metalúrgica);Resp. Taller / Compras;ab0d2e03;30;.;2024-11-07
ae5f745602360A;ae5f7456;2024-10-08;Octubre;Se considera de importancia lograr incorporar sistema mecánico para manipulación de piezas (cargas) en sector de torno. Al caso, normalmente se requiere manipular el plato de 4 mordazas y/o luneta, los cuales presentan un peso considerable y de allí la necesidad en cuestión.;Resp. Taller / Compras;ab0d2e03;30;Gestión en Curso;2024-11-07
ae5f745602361A;ae5f7456;2024-10-08;Octubre;En sector de mantenimiento destinado a camiones / camionetas: se debe gestionar orden en estante. Eliminar lo que no sirve, clasificar lo que sirve según frecuencia de uso (más al alcance) y según su peso (mayor peso en parte inferior y menor peso en parte superior);Resp. Taller;ab0d2e03;30;Gestión en Curso;2024-11-07
ae5f745602362A;ae5f7456;2024-10-08;Octubre;Segmentar las rejillas perimetrales en sector de expendio de combustible (de tramos de a 1 metro c/u), con sus respectiva manijas y gestionar la colocación de mallas en parte inferior. Esto a fin de evitar acumulación de barro en canaleta / camara de decantación;Resp. Taller;ab0d2e03;30;Gestión en Curso;2024-11-07
ae5f745602363A;ae5f7456;2024-10-08;Octubre;"Colocar rotulado de ""prohibición de ingreso personal ageno al taller"" en columnas del taller nuevo";Resp. Taller / Compras ;ab0d2e03;30;Gestión en Curso;2024-11-07
ae5f745602364A;ae5f7456;2024-10-08;Octubre;Se recomienda colocar luz de emergencia en instalaciones de taller nuevo. Considerar que la misma debería estar en lugares que atañan riesgo (escaleras, espacios reducidos, diferencias de nivel, entre otras).;Resp. Taller / Compras ;ab0d2e03;30;Gestión en Curso;2024-11-07
ae5f745602365A;ae5f7456;2024-10-08;Octubre;Colocar luz de emergencia en escalera (acceso a sala de capacitaciones);Resp. Taller / Compras ;ab0d2e03;30;.;2024-11-07
ae5f745602366A;ae5f7456;2024-10-08;Octubre;Colocar rótulo de riesgo eléctrico sobre tablero eléctrico en taller nuevo;Resp. Taller / Compras ;ab0d2e03;30;Gestión en Curso;2024-11-07
ae5f745602367A;ae5f7456;2023-11-29;Octubre;Gestionar la colocación de protección de polea en compresor de aire;Resp. Taller ;ab0d2e03;30;CUMPLIDO;2023-12-29
ae5f745602368A;ae5f7456;2021-08-09;Agosto;Sector de Repuestos usados: Se debe CLASIFICAR en primera instancia aquello que REALMENTE es de utilidad para posteriormente ORDENARLO / CLASIFICARLO dentro de dicho lugar y analizar posibilidad de gestión con los elementos que no sean de utilidad para la empresa (comercialización como repuestos usados / chatarra metálica);Ayala ;ab0d2e03;60;CUMPLIDO;2021-10-08
ae5f745602369A;ae5f7456;2021-08-09;Agosto;Sector de Repuestos usados: considerar la posibilidad de retirar uno de los estantes presentes en dicho lugar y ubicarlo en el depósito de lubricante, permitiendo así realizar una puerta de ingreso (frente a las fosas) facilitando el rápido acceso al tablero para desenergización en caso de emergencia y a su vez para mejorar el aprovechamiento (en cuanto a uso) de dicho lugar.;Ayala;ab0d2e03;60;CUMPLIDO;2021-10-08
ae5f745602370A;ae5f7456;2021-08-09;Agosto;Analizar posibilidad de incorporar dispenser conectada a la red de agua a fin de garantizar la disponibilidad de agua fresca para el personal afectado al área;Ayala / Vogel / Compras;ab0d2e03;60;CUMPLIDO;2021-10-08
ae5f745602371A;ae5f7456;2024-10-08;Octubre;Gestionar incorporación de tarjetas de bloqueo en el taller (se debe garantizar disponibilidad tal que permita su uso en todos los equipos intervenidos);Resp. Taller ;ab0d2e03;30;Gestión en Curso;2024-11-07
ae5f745602372A;ae5f7456;2024-10-08;Octubre;Gestionar incorporación de tope en fosa 2;Resp. Taller ;ab0d2e03;30;Gestión en Curso;2024-11-07
ae5f745602373A;ae5f7456;2023-10-26;Octubre;Gestionar el reemplazo del toma corriente en tableros presentes en metalúrgica (ambas paredes laterales) por no estar en condiciones (contactos no sujetan enchufe por estar estropeados). Considerar que dicha situación representa riesgo de incendio / electrocución;Dominguez Denis M. / Compras;ab0d2e03;60;CUMPLIDO;2023-12-25
ae5f745602374A;ae5f7456;2023-10-26;Octubre;"Sector de taller nuevo: Se debe gestionar la colocación de extintores. Considerar que se debería disponer de por lo menos un extintor por cada 15 metros recorrido.
Tipo de extintor: PQS, 5 a 10KG";Resp. Taller / Compras;ab0d2e03;35;CUMPLIDO;2023-11-30
ae5f745602375A;ae5f7456;2024-10-08;Octubre;Gestionar renovación de rótulos en sector de expendio de combustible ;Resp. Taller / Compras;ab0d2e03;40;Gestión en Curso;2024-11-17
ae5f745602376A;ae5f7456;2024-10-08;Octubre;En sector de hidráulica: colocar señalización de riesgos / medidas de prevención y prohibición de acceso a personal no autorizado o ajeno a la empresa.;Resp. Taller / Compras;ab0d2e03;40;Gestión en Curso;2024-11-17
ae5f745602377A;ae5f7456;2024-10-08;Octubre;Se recomienda gestionar la reparación del techo sobre surtidor por no estar en condiciones (corrosión / presencia de goteos en días de lluvia). A su vez, se debe renovar la pintura de la estructura en general;Resp. Taller;ab0d2e03;45;Gestión en Curso;2024-11-22
ae5f745602378A;ae5f7456;2024-10-08;Octubre;Monta Cargas: Se debe gestionar colocación de caja en parte trasera (fija y con tapa) a fin de ser utilizado para el traslado de enganche y/o elementos en su interior. Considerar que NO SE DEBERÍA TRASLADAR OBJETOS SUETOS y menos aún si los mismos son pesados;Resp. Taller;ab0d2e03;45;CUMPLIDO;2024-11-22
ae5f745602379A;ae5f7456;2024-10-08;Octubre;"Monta Cargas: Gestionar / diseñar traba en el ""capot"" en donde se encuentra fijado el asiento";Resp. Taller;ab0d2e03;45;Gestión en Curso;2024-11-22
ae5f745602380A;ae5f7456;2024-10-08;Octubre;Monta Cargas: Rotular en ambos laterales de torre la capacidad máxima de carga;Resp. Taller;ab0d2e03;20;Gestión en Curso;2024-10-28
ae5f745602381A;ae5f7456;2024-10-08;Octubre;Monta Cargas: Gestionar reparación de cinturón de seguridad;Resp. Taller;ab0d2e03;15;Gestión en Curso;2024-10-23
ae5f745602382A;ae5f7456;2024-10-08;Octubre;Monta Cargas: Gestionar el reemplazo de cubiertas traseras por presentar desgastes ;Resp. Taller;ab0d2e03;60;Gestión en Curso;2024-12-07
ae5f745602383A;ae5f7456;2024-10-08;Octubre;Monta Cargas: Gestionar reparación de sistema de iluminación en parte trasera (posición y 1 blanca de visibilidad);Resp. Taller;ab0d2e03;15;Gestión en Curso;2024-10-23
ae5f745602384A;ae5f7456;2024-10-08;Octubre;"Tachos de residuos:
CONSIDERAR QUE CADA UNO DEBE ESTAR ROTULADO CON EL TIPO DE RESIDUO A CONTENER Y TAPA.
Posteriormente, se debería volver a trabajar con los colaboradores para la gestión de los residuos como corresponde";Resp. Taller;ab0d2e03;45;Gestión en Curso;2024-11-22
ae5f745602385A;ae5f7456;2024-10-08;Octubre;"Gestionar stock de cuñas de seguridad a los fines de garantizar el ""bloqueo"" con ellos de las unidades (vehículos) durante el proceso de reparación.
NO SE DEBERÍA UTILIZAR RESTOS VEGETALES (PALOS) Y/O PIEDRAS PARA TAL FIN";Resp. Taller;ab0d2e03;45;Gestión en Curso;2024-11-22
ae5f745602386A;ae5f7456;2024-10-08;Octubre;Incorporar protección de poleas en perforadora industrial (Metalúrgica);Resp. Taller;ab0d2e03;45;Gestión en Curso;2024-11-22
ae5f745602387A;ae5f7456;2024-10-08;Octubre;Gestionar reparación de tapa en tablero eléctrico del lavadero. Colocar señalización correspondiente (riesgo eléctrico);Resp. Taller;ab0d2e03;45;Gestión en Curso;2024-11-22
ae5f745602388A;ae5f7456;2024-10-08;Octubre;Se debe definir la ampliación de la senda para el desplazamiento seguro de personas no afectadas al área de Mantenimiento. Al caso, el mismo debiera conectar el ingreso principal (lado oficinas) con la nueva ala del taller. ;Resp. Taller;ab0d2e03;45;Gestión en Curso;2024-11-22
ae5f745602389A;ae5f7456;2024-10-08;Octubre;Taller nuevo: Incorporar tachos de residuos con tapa y señalizados para la gestión de los residuos;Resp. Taller / Compras;ab0d2e03;45;Gestión en Curso;2024-11-22
ae5f745602390A;ae5f7456;2024-10-08;Octubre;Incorporar una plataforma más para intervenciones sobre fosa;Resp. Taller ;ab0d2e03;45;Gestión en Curso;2024-11-22
ae5f745602391A;ae5f7456;2023-10-26;Octubre;Hidráulica: se recomienda gestionar el pintado del piso por no estar en condiciones;Resp. Taller / Compras;ab0d2e03;60;CUMPLIDO;2023-12-25
ae5f745602392A;ae5f7456;2024-10-08;Octubre;"Considerar en sector de almacenamiento de Residuos Peligrosos (tanto sólidos como líquidos): Identificaciones de seguridad correspondiente, corrientes ""Y"" de residuos, disponibilidad de por lo menos un extintor de PQS de 10kg con su correspondiente chapa baliza, kit-antiderrame (balde con absorsol en el mejor de los casos o bien arena / aserrín) y con indicaciones que establezca la prohibición de ingreso a personal no autorizado";Resp. Taller;ab0d2e03;60;Gestión en Curso;2024-12-07
ae5f745602393A;ae5f7456;2024-10-08;Octubre;Equipos sometidos a presión (compresores): realizar prueba de válvulas de seguridad, medición de espesores y prueba hidráulica;Resp. Taller;ab0d2e03;90;Gestión en Curso;2025-01-06
ae5f745602394A;ae5f7456;2024-10-08;Octubre;Sector utilizado para el almacenamiento de residuos peligrosos líquidos: el mismo debe ser sobre suelo impermeable (conectado a tanque secundario de captación cuya capacidad de acopio sea ≥ al 110% de lo acopiado), bajo techo, delimitado en todos sus laterales y con una correcta ventilación;Resp. Taller;ab0d2e03;90;Gestión en Curso;2025-01-06
ae5f745602395A;ae5f7456;2024-10-08;Octubre;Térmico utilizado para el almacenamiento de Residuos Peligrosos Sólidos: Se debe colocar membranas en parte superior (ingresa agua en días de lluvias, generando lixiviado de residuos peligrosos y en consecuencia contaminación), incorporar ventanillas en laterales (no posee ventilación), incorporar escaleras en puertas de acceso con barandas en sus laterales y colocar trabas con posibilidad de colocar candados.;Dominguez Denis M.;ab0d2e03;90;Gestión en Curso;2025-01-06
ae5f745602396A;ae5f7456;2024-10-08;Octubre;En tanque horizontal, se debe gestionar la colocación de línea de vida (diseño similar al presente en parte superior de cisterna) a fin de poder lograr un correcto anclaje en situaciones en las que el personal requiere subir sobre ésta para el reemplazo de la pila en medidor de combustible;Resp. Taller;ab0d2e03;90;Gestión en Curso;2025-01-06
ae5f745602397A;ae5f7456;2024-10-08;Octubre;"Se recomienda adecuar sistema de abastecimiento de UREA a las unidades. En el mejor de los casos, se recomienda la preparación de estructura cercano al surtidos y repostar ambos tanques (combustible / UREA) en mismo lugar.
Caso contrario, se debería garantizar el funcionamiento apropiado del pico de descarga a fin de evitar derrames en el sector por trasvaso a bidones y de estos a los tanques de las unidades";Resp. Taller;ab0d2e03;90;CUMPLIDO;2025-01-06
ae5f745602398A;ae5f7456;2023-11-29;Noviembre;AG-247-TU: Gestionar incorporación de cinta reflectiva blanca (intermitente) en ambos laterales;Resp. Taller;ab0d2e03;7;CUMPLIDO;2023-12-06
ae5f745602399A;ae5f7456;2023-11-29;Noviembre;AG-247-TU: Incorporar cinta reflectiva roja en parte trasera e indicador de velocidad máxima de circulación;Resp. Taller;ab0d2e03;7;CUMPLIDO;2023-12-06
ae5f745602400A;ae5f7456;2023-11-29;Noviembre;AG-247-TU: Inncorporar alarma de retroceso;Resp. Taller;ab0d2e03;7;CUMPLIDO;2023-12-06
ae5f745602401A;ae5f7456;2024-10-08;Octubre;Se debe gestionar colocación de cadenas de color o similar que DELIMITE el ingreso a las instalaciones del taller del lado de la playa de estacionamiento. Esto en conjunto con carteleerías debería PROHIBIR el ingreso de persona ajena a la operación;Resp. Taller / Compras;ab0d2e03;30;Gestión en Curso;2024-11-07
ae5f745602402A;ae5f7456;2024-10-08;Octubre;Se debe generar listado de personal en taller que dispongan de Licencia con categoría para operación de Monta Cargas (E2) y a su vez, que se encuentre en condiciones para ahcerlo (autorizado por responsable de mantenimiento);Resp. Taller / Compras;ab0d2e03;20;Gestión en Curso;2024-10-28
ae5f745602403A;ae5f7456;2024-10-08;Octubre;Se debe definir resposnable para el chequeo mensual del monta cargas y canasto;Resp. Taller;ab0d2e03;15;Gestión en Curso;2024-10-23
ae5f745602404A;ae5f7456;2024-10-08;Octubre;Definir responsable para el control mensual de estado de extintores en instalaciones del taller. CASTELLANO URBANO;Resp. Taller;ab0d2e03;15;CUMPLIDO;2024-10-23
ae5f745602405A;ae5f7456;2024-10-08;Octubre;Analizar posibilidad de realizar sistema de captación de agua de lluvia (en techo de taller) a los fines de ser utilizado para la limpieza del parque motriz.;Resp. Taller;ab0d2e03;180;Gestión en Curso;2025-04-06
ae5f745602406A;ae5f7456;2024-10-08;Octubre;Gestionar identificación de capacidad portante en estántes ubicados en taller de camiones / camionetas;Resp. Taller;ab0d2e03;25;Gestión en Curso;2024-11-02
ae5f745602407A;ae5f7456;2024-10-08;Octubre;Depósito cercano a oficina de Veron Nestor: Se debe mejorar condiciones de orden y limpieza. Reitar los elementos que se encuentran en el suelo, que obstruyen el paso. Colocar los elementos en lugares identificados (que se respete un orden, es decir: manguesras a reutilizar, rodillos, componentes de zapata, entre otras).;Resp. Taller;ab0d2e03;25;Gestión en Curso;2024-11-02
ae5f745602408A;ae5f7456;2024-10-08;Octubre;Depósito cercano a oficina de Veron Nestor: Gestionar identificación de capacidad portante de los estantes. A su vez, considerar como premisa la colocación de los elementos más pesados en la parte superior y más liviano en parte inferior);Resp. Taller;ab0d2e03;25;Gestión en Curso;2024-11-02
ae5f745602409A;ae5f7456;2024-10-08;Octubre;Caja eléctrica que desenrgiza sector de expendio de combustible: Se debe retirar del sector cerrado (en taller de camiones / camionetas). En situación de emergencia, se debería acceder al tablero rápidamente y proceder al corte de la corriente. Esto no sería posible actualmente dado a que el sector se encuntra con llave.;Resp. Taller;ab0d2e03;45;Gestión en Curso;2024-11-22
ae5f745602410A;ae5f7456;2024-10-08;Octubre;"Mejorar orden y limpieza en ""corral"" de repuestos (evitar elementos sobre el suelo, en los espacios de tránsito, acumular los objetos en estánte respetando el orden según su peso, identificar capacidades de los estántes).";Resp. Taller;ab0d2e03;30;Gestión en Curso;2024-11-07
ae5f745602411A;ae5f7456;2024-10-08;Octubre;Verificar y asegurar el funcionamiento de las luces de emergencias en instalaciones de taller p/camiones y camionetas;Resp. Taller;ab0d2e03;20;Gestión en Curso;2024-10-28
ae5f745602412A;ae5f7456;2024-10-08;Octubre;URGENTE, incorporar extintores en cada sector correspondiente del taller p/camiones y camionetas;Resp. Taller;ab0d2e03;7;INCUMPLIDO;2024-10-15
ae5f745602413A;ae5f7456;2024-10-08;Octubre;"Verificar los cilindros de extintor que no se encuentren en condicoines y desecharlos. Los que se encuentran recargados o p/recarga, colcoarlos en ""casita"" hacha para tal fin";Resp. Taller;ab0d2e03;25;Gestión en Curso;2024-11-02
ae5f745602414A;ae5f7456;2024-10-08;Octubre;"Colcoar ""casita"" de extintores debajo de escalera. Mismo así el sector para el guardado de cilindros de GLP. Esto con intenciones de liberar el especio cercano a estántes.";Resp. Taller;ab0d2e03;15;Gestión en Curso;2024-10-23
ae5f745602415A;ae5f7456;2024-10-08;Octubre;Eliminar cestos de resídiuos que no se encuentren correctamente identificados y con tapa. Se debe disponer de tachos para orgánico, inorgánico y peligrosos. Esto por lo menos 1 juego en zona central de taller p/camiones y camionetas, 1 juego en metalúrgica y 1 juego en sector de taller nuevo.;Resp. Taller;ab0d2e03;35;Gestión en Curso;2024-11-12
ae5f745602416A;ae5f7456;2024-10-08;Octubre;Gestionar incorporación de 1 botiquín completo en taller p/camiones y camionetas.;Resp. Taller /Administración;ab0d2e03;20;Gestión en Curso;2024-10-28
ae5f745602417A;ae5f7456;2024-10-08;Octubre;Gestionar incorporación de 1 botiquín completo en taller p/máquinarias pesadas;Resp. Taller / Administración;ab0d2e03;20;Gestión en Curso;2024-10-28
ae5f745602418A;ae5f7456;2024-10-08;Octubre;Gestionar actualización de rol y números de emergencias. El mismo debería estar expuesto en ambos talleres ;Resp. Taller / Neri / Administración;ab0d2e03;25;Gestión en Curso;2024-11-02
ae5f745602419A;ae5f7456;2024-10-08;Octubre;"Gestionar acondicionamiento de caja eléctrica ubicado cercano a ""corral de repuestos"" y entrada al taller (se encuentra suelto). Esto en taller de camiones / camionetas.";Resp. Taller;ab0d2e03;30;Gestión en Curso;2024-11-07
ae5f745602420A;ae5f7456;2024-10-08;Octubre;Se debe garantizar la disponibilidad de tarjetas de bloqueo para todas las posibles unidades en las que se intervienen;Resp. Taller;ab0d2e03;30;Gestión en Curso;2024-11-07
ae5f745602421A;ae5f7456;2024-10-08;Octubre;Se debería reacondicionar cableado de herramientas cercanas al sector del torno (colocarlos en bandejas p/ cable);Resp. Taller;ab0d2e03;30;Gestión en Curso;2024-11-07
ae5f745602422A;ae5f7456;2024-10-08;Octubre;Perforadora de banco: colcoar protección de partes móviles (parte supeiror donde posee poleas y correas que accionan el funcionamiento del mismo);Resp. Taller;ab0d2e03;20;Gestión en Curso;2024-10-28
ae5f745602423A;ae5f7456;2024-10-08;Octubre;Perforadora de banco: Colocar perilla nueva para encendido y apagado del mismo. Al momento, dispone de una llave regulable para dicho accionar, lo cual no es lo apropiado.;Resp. Taller;ab0d2e03;15;Gestión en Curso;2024-10-23
ae5f745602424A;ae5f7456;2024-10-08;Octubre;Extintor en metalúrgica: Gestionar el reemplazo del mismo. Considerar la posibilidad de adicionar uno más en consideración de los trabajos en calientes relaizados en dicho lugar;Resp. Taller;ab0d2e03;25;Gestión en Curso;2024-11-02
ae5f745602425A;ae5f7456;2024-10-08;Octubre;Oxicorte 1: Gestionar reemplazo de manómetros rotos;Resp. Taller;ab0d2e03;30;Gestión en Curso;2024-11-07
ae5f745602426A;ae5f7456;2024-10-08;Octubre;Tableros de conexión eléctrica en Metalúrgica: Personal manifiesta que de forma reiteradas las protecciones (termicas) se activan al utilizar herramientas. Al caso, se debe hacer controlar por personal electricista y gestionar la reparación que corresponda. Podrían existir cuesiotnes que aumenten las probabilidades de incendio o bien electrocución.;Resp. Taller;ab0d2e03;30;Gestión en Curso;2024-11-07
ae5f745602427A;ae5f7456;2024-10-08;Octubre;Taller camiones / camionetas: Analizar posibilidad de colocar conexiones de aire en columnas a fin de evitar que las mangueras se encuentren por el pizo (senda de desplazamiento seguro);Resp. Taller;ab0d2e03;45;Gestión en Curso;2024-11-22
ae5f745602428A;ae5f7456;2024-10-08;Octubre;En depósito de hidrocarburo: Se recomienda colocar bines de 1000 litros a los fines de disminuir la cantidad de tambores de aceites. Los mismos debieran estar correctamente identificados con el nombre del producto que lo contienen. Esto ayudará a mejorar el orden;Resp. Taller;ab0d2e03;30;CUMPLIDO;2024-11-07
ae5f745602429A;ae5f7456;2024-10-08;Octubre;Depósito de hidrocarburo: Colcoar identificación en puerta que prohiba acceso a personal no autorizado, indique riesgos, prohibiciones y precauciones a considerar;Resp. Taller / Neri / Compras;ab0d2e03;30;CUMPLIDO;2024-11-07
ae5f745602430A;ae5f7456;2024-10-08;Octubre;Depósito de hidrocarburo: Cocloar kit ecológico ;Resp. Taller;ab0d2e03;20;Gestión en Curso;2024-10-28
ae5f745602431A;ae5f7456;2024-10-08;Octubre;Depósito de hidrocarburo: Colocar cartelería de seguridad en parte interior;Resp. Taller / Neri / Compras;ab0d2e03;40;Gestión en Curso;2024-11-17
ae5f745602432A;ae5f7456;2024-10-08;Octubre;Incorporar las FDS de los productos disponibles. Los mismos deben estar al alcnce de las personas que ingresan al sitio;Resp. Taller / Neri / Compras;ab0d2e03;40;Gestión en Curso;2024-11-17
ae5f745602433A;ae5f7456;2024-10-08;Octubre;Se recomienda reubicar las ruedas armadas de Skidders. Se podría considerar como alternativa el sector sobre el torno en metalúrgica (analizarlo);Resp. Taller;ab0d2e03;25;Gestión en Curso;2024-11-02
ae5f745602434A;ae5f7456;2024-10-08;Octubre;Bines en estántes de taller camiones / camionetas: Se debe IDENTIFICAR cada uno de ellos con el producto que lo contiene;Resp. Taller;ab0d2e03;20;Gestión en Curso;2024-10-28
ae5f745602435A;ae5f7456;2024-10-08;Octubre;Señalizar en playa de camiones sector para estacionamiento de carretones, semirremolque, cisternas, entre otras;Resp. Taller;ab0d2e03;30;Gestión en Curso;2024-11-07
ae5f745602436A;ae5f7456;2024-10-08;Octubre;Analizar posibilidad de colcoar conexiones de aire en columnas frontales en instalaciones de taller nuevo;Resp. Taller;ab0d2e03;30;Gestión en Curso;2024-11-07
ae5f745602437A;ae5f7456;2024-10-08;Octubre;Se debería reemplazar el sector de afilado de cuchillas / cadenas. El mismo no debiera estar en zona de desplazamiento seguro (senda);Resp. Taller;ab0d2e03;40;CUMPLIDO;2024-11-17
ae5f745602438A;ae5f7456;2024-10-08;Octubre;Gestionar la identificación del sector de afilado con la prohibición de ingreso a personal no autorizado, riesgos y medidas de control, prohibiciones en el sitio.;Resp. Taller;ab0d2e03;40;CUMPLIDO;2024-11-17
ae5f745602439A;ae5f7456;2024-10-15;Octubre;Se debe gestionar el reemplazo de los extintores en sector de expendio de combustible por no estar en condiciones;Resp. Taller;ab0d2e03;3;Gestión en Curso;2024-10-18
